{
  "id": "3820573",
  "name": "icon-taobao",
  "font_family": "iconfont",
  "css_prefix_text": "icon-",
  "description": "淘宝图标",
  "glyphs": [
    {
      "icon_id": "32305",
      "name": "right",
      "font_class": "right",
      "unicode": "e6a3",
      "unicode_decimal": 59043
    },
    {
      "icon_id": "50906",
      "name": "mobile_tao",
      "font_class": "mobiletao",
      "unicode": "e6e9",
      "unicode_decimal": 59113
    },
    {
      "icon_id": "8777511",
      "name": "arrow_down",
      "font_class": "icon-test",
      "unicode": "e658",
      "unicode_decimal": 58968
    },
    {
      "icon_id": "217235",
      "name": "android",
      "font_class": "android",
      "unicode": "e669",
      "unicode_decimal": 58985
    },
    {
      "icon_id": "1005790",
      "name": "安卓",
      "font_class": "changyonglogo37",
      "unicode": "e71e",
      "unicode_decimal": 59166
    },
    {
      "icon_id": "1512549",
      "name": "global_light",
      "font_class": "global_light",
      "unicode": "e7ea",
      "unicode_decimal": 59370
    },
    {
      "icon_id": "30414",
      "name": "camera",
      "font_class": "camera",
      "unicode": "e665",
      "unicode_decimal": 58981
    },
    {
      "icon_id": "29928",
      "name": "edit",
      "font_class": "edit",
      "unicode": "e649",
      "unicode_decimal": 58953
    },
    {
      "icon_id": "29936",
      "name": "location",
      "font_class": "location",
      "unicode": "e651",
      "unicode_decimal": 58961
    },
    {
      "icon_id": "30420",
      "name": "notification",
      "font_class": "notification",
      "unicode": "e66b",
      "unicode_decimal": 58987
    },
    {
      "icon_id": "30479",
      "name": "scan",
      "font_class": "scan",
      "unicode": "e689",
      "unicode_decimal": 59017
    },
    {
      "icon_id": "30480",
      "name": "settings",
      "font_class": "settings",
      "unicode": "e68a",
      "unicode_decimal": 59018
    },
    {
      "icon_id": "31416",
      "name": "pic",
      "font_class": "pic",
      "unicode": "e69b",
      "unicode_decimal": 59035
    },
    {
      "icon_id": "32092",
      "name": "pull_down",
      "font_class": "pulldown",
      "unicode": "e69f",
      "unicode_decimal": 59039
    },
    {
      "icon_id": "32471",
      "name": "cart",
      "font_class": "cart",
      "unicode": "e6af",
      "unicode_decimal": 59055
    },
    {
      "icon_id": "32477",
      "name": "delete",
      "font_class": "delete",
      "unicode": "e6b4",
      "unicode_decimal": 59060
    },
    {
      "icon_id": "55043",
      "name": "voice",
      "font_class": "voice",
      "unicode": "e6ef",
      "unicode_decimal": 59119
    },
    {
      "icon_id": "59492",
      "name": "wifi",
      "font_class": "wifi",
      "unicode": "e6f2",
      "unicode_decimal": 59122
    }
  ]
}
